Parent Question Text,Part Name,Question Part Text,Answer Details,Question Type,Bloom's Taxonomy Level,Photo associated with the exam question if applicable,Image File
"Flying lemurs have striped tails. The pattern of stripes is controlled by the expression of a protein called stripey, which makes dark fur. In most lemurs, it is turned on and off during development (hence stripes). In some lemurs, stripey is expressed all the time because of a mutation in the promoter region. These animals have all black tails. In another group of lemurs, the protein has a point mutation and doesn't function altogether, so the lemurs have white tails.",Stripey Alleles & Genes - Part 1,"If a population only had these versions, how many alleles and how many genes for stripey would be present?","3 alleles, 1 gene",Short Answer,Apply,,N/A
The average global temperature for the period below is 13.9°C. The chart below shows the temperature anomaly for the last 175 years.,Climate Change Anomalies - Part 1,What was the average global temperature in 2025?,15.1°C (13.9°C + ~1.2°C anomaly),Short Answer,Analyze,Global Land and Ocean Average Temperature Anomalies Chart,global_temp_anomaly.png
The average global temperature for the period below is 13.9°C. The chart below shows the temperature anomaly for the last 175 years.,Climate Change Anomalies - Part 2,Evidence suggests that the release of what gas by humans has led to the increase in anomaly seen below?,Carbon dioxide (CO2),Short Answer,Remember,Global Land and Ocean Average Temperature Anomalies Chart,global_temp_anomaly.png
Action Potential Dynamics,Action Potential - Part 1,Draw two action potentials. Number 5 should be the control. Label a-threshold; b-when Na+ voltage-gated channels are open; c-when K+ voltage-gated channels are open. (4 points),"Labeled diagram (Control AP curve with threshold, Na+ open, K+ open)",Draw,Apply,,N/A
Action Potential Dynamics,Action Potential - Part 2,"Draw a second action potential (6) in the presence of TTX, a potent inhibitor of the opening of sodium voltage-gated channels (3 points). Label the axes.",Flat line curve showing no depolarization past resting/threshold,Draw,Apply,,N/A
Hemoglobin Saturation Curves,Hemoglobin Oxygen Affinity - Part 1,"The curve on the answer sheet shows the saturation of hemoglobin in adult humans. Birds that fly at high altitudes need to be able to saturate their blood even when the atmospheric pO2 is low. They still need to release it to their cells, though. What might a hemoglobin saturation curve look like for these birds? Add that and label it ""A.""",Left-shifted curve relative to control,Draw,Analyze,,N/A
Hemoglobin Saturation Curves,Hemoglobin Oxygen Affinity - Part 2,"Hemoglobin has a very high affinity for carbon monoxide. When CO is present, hemoglobin remains saturated with oxygen down to a very low pO2 < 5 mmHg. Draw a hemoglobin saturation curve in the presence of CO. Label it ""B.""",Hyperbolic / shifted curve staying high until near 0 mmHg,Draw,Analyze,,N/A
Plant Gametophyte Ploidy,Plant Genetics - Part 1,Pollen is the male gametophyte in plants. How many copies of each chromosome does each of its nuclei have?,"1 copy (haploid, n)",Short Answer,Remember,,N/A
"Use the phylogeny at right to answer the next five questions on the answer key. Numbers represent traits, letters represent nodes. Answers are either numbers, letters, or the names of animals.",Phylogenetics - Part 1,Most recent common ancestor of the sheep and the walrus. Letter,Node B,Short Answer,Understand,Mammalian Phylogenetic Tree,phylogenetic_tree.png
"Use the phylogeny at right to answer the next five questions on the answer key. Numbers represent traits, letters represent nodes. Answers are either numbers, letters, or the names of animals.",Phylogenetics - Part 2,Synapomorphy for the carnivora. Number,Trait 3,Short Answer,Understand,Mammalian Phylogenetic Tree,phylogenetic_tree.png
"Use the phylogeny at right to answer the next five questions on the answer key. Numbers represent traits, letters represent nodes. Answers are either numbers, letters, or the names of animals.",Phylogenetics - Part 3,Outgroup Name,Platypus (or Opossum),Short Answer,Understand,Mammalian Phylogenetic Tree,phylogenetic_tree.png
"Use the phylogeny at right to answer the next five questions on the answer key. Numbers represent traits, letters represent nodes. Answers are either numbers, letters, or the names of animals.",Phylogenetics - Part 4,Ancestral trait for carnivora that's not present in the cetartiodactyla. Number,Trait 2,Short Answer,Analyze,Mammalian Phylogenetic Tree,phylogenetic_tree.png
"Two populations of squirrels live on the UMass campus, one near the Franklin Dining Commons and one near the Worcester Dining Commons. There are two alleles for fur color in these squirrels, B and b. Homozygous BB animals are black, heterozygous Bb animals are brown, and homozygous bb animals are grey. The genotype ratios are at the right.",Squirrel Population Genetics - Part 1,Is one of the alleles dominant? How do you know? (<5 words),"No, heterozygotes are brown (incomplete dominance / codominance)",Short Answer,Analyze,Squirrel Genotype Table,squirrel_genotypes.png
"Two populations of squirrels live on the UMass campus, one near the Franklin Dining Commons and one near the Worcester Dining Commons. There are two alleles for fur color in these squirrels, B and b. Homozygous BB animals are black, heterozygous Bb animals are brown, and homozygous bb animals are grey. The genotype ratios are at the right.",Squirrel Population Genetics - Part 2,What is the observed frequency for the b allele in Franklin?,0.40,Short Answer,Apply,Squirrel Genotype Table,squirrel_genotypes.png
"Two populations of squirrels live on the UMass campus, one near the Franklin Dining Commons and one near the Worcester Dining Commons. There are two alleles for fur color in these squirrels, B and b. Homozygous BB animals are black, heterozygous Bb animals are brown, and homozygous bb animals are grey. The genotype ratios are at the right.",Squirrel Population Genetics - Part 3,What is the expected genotype frequencies for gray squirrels in Worcester?,q^2 = 0.2025,Short Answer,Apply,Squirrel Genotype Table,squirrel_genotypes.png
"Two populations of squirrels live on the UMass campus, one near the Franklin Dining Commons and one near the Worcester Dining Commons. There are two alleles for fur color in these squirrels, B and b. Homozygous BB animals are black, heterozygous Bb animals are brown, and homozygous bb animals are grey. The genotype ratios are at the right.",Squirrel Population Genetics - Part 4,Are the alleles in Hardy-Weinberg equilibrium in each population? Yes or No only.,Franklin: Yes; Worcester: No,Short Answer,Evaluate,Squirrel Genotype Table,squirrel_genotypes.png
"On the right are two different hearts with letters denoting various features. Match the descriptions below with the correct feature, then fill that letter in on the answer sheet.",Heart Anatomy - Part 1,Chamber with the highest pO2 in an amphibian heart,G,Matching,Understand,Amphibian and Mammalian Heart Diagrams,heart_diagrams.png
"On the right are two different hearts with letters denoting various features. Match the descriptions below with the correct feature, then fill that letter in on the answer sheet.",Heart Anatomy - Part 2,Ventricle with oxygenated blood in the mammalian heart,D,Matching,Understand,Amphibian and Mammalian Heart Diagrams,heart_diagrams.png
"On the right are two different hearts with letters denoting various features. Match the descriptions below with the correct feature, then fill that letter in on the answer sheet.",Heart Anatomy - Part 3,Vessel with the highest pressure in the amphibian heart,M,Matching,Understand,Amphibian and Mammalian Heart Diagrams,heart_diagrams.png
"On the right are two different hearts with letters denoting various features. Match the descriptions below with the correct feature, then fill that letter in on the answer sheet.",Heart Anatomy - Part 4,Chamber with the lowest oxygen in the amphibian heart,A,Matching,Understand,Amphibian and Mammalian Heart Diagrams,heart_diagrams.png
"On the right are two different hearts with letters denoting various features. Match the descriptions below with the correct feature, then fill that letter in on the answer sheet.",Heart Anatomy - Part 5,Vessel with blood returning from the body in the mammalian heart,H,Matching,Understand,Amphibian and Mammalian Heart Diagrams,heart_diagrams.png
Muscle Contraction Mechanism,Muscle Physiology - Part 1,"What molecule causes myosin to ""let go"" of actin. One word?",ATP,Short Answer,Remember,Cross-bridge Cycle Diagram,muscle_contraction.png
Allele Frequency Simulations,Population Genetics - Part 1,We looked at simulations of allele frequency change in class. A single allele from a pair of alleles was represented over several hundred generations in five separate populations. Draw a graph showing what you would expect to happen in five populations over 500 generations in a small population where there's an advantage to the heterozygous genotype. Remember the allele should start at roughly 0.5 frequency. Remember to label your axes.,Graph showing 5 trajectories fluctuating around 0.5 without fixation,Draw,Apply,,N/A
Plant Vascular Transport,Xylem Physiology - Part 1,What type of pressure makes the xylem operate?,Negative pressure (tension),Short Answer,Remember,,N/A
Plant Vascular Transport,Xylem Physiology - Part 2,How does the xylem generate this pressure?,Transpiration / evaporation of water from stomata,Short Answer,Understand,,N/A
Considering the trophic web shown at right:,Ecosystem Food Web - Part 1,Which organism could be a dominant species?,Prairie grass,Short Answer,Apply,Prairie Trophic Web Diagram,trophic_web.png
Considering the trophic web shown at right:,Ecosystem Food Web - Part 2,What might happen to the rodents if the keystone species were removed? (<5 words),Population increases or decreases drastically,Short Answer,Analyze,Prairie Trophic Web Diagram,trophic_web.png
"A mammalian cell has the following internal and external concentrations of sodium and potassium: K+ (Intra: 150 mM, Extra: 5 mM), Na+ (Intra: 5 mM, Extra: 100 mM).",Cellular Electrophysiology - Part 1,What is the Nernst Potential for each ion?,"E_K ≈ -91 mV, E_Na ≈ +80 mV",Short Answer,Apply,Ion Concentration Table,N/A
"A mammalian cell has the following internal and external concentrations of sodium and potassium: K+ (Intra: 150 mM, Extra: 5 mM), Na+ (Intra: 5 mM, Extra: 100 mM).",Cellular Electrophysiology - Part 2,"If this cell has typical ion permeabilities, approximate the membrane potential",~ -70 mV to -80 mV,Short Answer,Apply,Ion Concentration Table,N/A
General Feedback,Course Feedback - Part 1,"What is one thing relevant to evolution/physiology or ecology that we didn't study, but that you wish we had?",Open-ended response,Essay,Create,,N/A
"Considering the carbon cycle on the answer sheet, what processes connect the boxes shown? (Each arrow shows the movement of carbon from one sink to another. For instance, CO2 from the air ""dissolves"" into water you would write ""dissolves"" to connect the air and the water.) A=photosynthesis, B=Combustion, C=Consumption, D=Cellular respiration",Carbon Cycle - Part 1,Process 1 (Air CO2 -> Corn plants),A (photosynthesis),Multiple Choice,Understand,Carbon Cycle Flow Diagram,carbon_cycle.png
"Considering the carbon cycle on the answer sheet, what processes connect the boxes shown? (Each arrow shows the movement of carbon from one sink to another. For instance, CO2 from the air ""dissolves"" into water you would write ""dissolves"" to connect the air and the water.) A=photosynthesis, B=Combustion, C=Consumption, D=Cellular respiration",Carbon Cycle - Part 2,Process 2 (Fossil fuels -> Air CO2),B (Combustion),Multiple Choice,Understand,Carbon Cycle Flow Diagram,carbon_cycle.png
"Considering the carbon cycle on the answer sheet, what processes connect the boxes shown? (Each arrow shows the movement of carbon from one sink to another. For instance, CO2 from the air ""dissolves"" into water you would write ""dissolves"" to connect the air and the water.) A=photosynthesis, B=Combustion, C=Consumption, D=Cellular respiration",Carbon Cycle - Part 3,Process 3 (Corn plants -> Humans),C (Consumption),Multiple Choice,Understand,Carbon Cycle Flow Diagram,carbon_cycle.png
"Considering the carbon cycle on the answer sheet, what processes connect the boxes shown? (Each arrow shows the movement of carbon from one sink to another. For instance, CO2 from the air ""dissolves"" into water you would write ""dissolves"" to connect the air and the water.) A=photosynthesis, B=Combustion, C=Consumption, D=Cellular respiration",Carbon Cycle - Part 4,Process 4 (Humans -> Air CO2),D (Cellular respiration),Multiple Choice,Understand,Carbon Cycle Flow Diagram,carbon_cycle.png
"Identify each as A: cellular pathogen, B: an abiotic pathogen, C: adaptive immune system, D: innate immune system, E: or none of these",Immune System & Pathogens - Part 1,Influenza virus,B,Multiple Choice,Remember,,N/A
"Identify each as A: cellular pathogen, B: an abiotic pathogen, C: adaptive immune system, D: innate immune system, E: or none of these",Immune System & Pathogens - Part 2,Mucus membranes in lungs,D,Multiple Choice,Remember,,N/A
"Identify each as A: cellular pathogen, B: an abiotic pathogen, C: adaptive immune system, D: innate immune system, E: or none of these",Immune System & Pathogens - Part 3,Antibody,C,Multiple Choice,Remember,,N/A
"Identify each as A: cellular pathogen, B: an abiotic pathogen, C: adaptive immune system, D: innate immune system, E: or none of these",Immune System & Pathogens - Part 4,Infectious Bacteria,A,Multiple Choice,Remember,,N/A
"Snowshoe hares (rabbits) turn white in the winter. Shortening days cause their fur to change. In captivity, their fur color can be changed by altering the day length without changing the temperature.",Animal Adaptation - Part 1,"The ability of this species to change fur color in the winter is an example of _____ because it happens when the weather changes and can be reversed in the spring. (A. Genetic Drift, B. Gene Flow, C. Directional selection, D. Adaptation, E. Acclimatization)",E (Acclimatization),Multiple Choice,Understand,,N/A
Thermoregulation in Mammals,Thermoregulation - Part 1,Which graph accurately represents the blood flow to an elephant's ear if they are trying to dissipate heat to the environment?,C (or Graph showing high peripheral blood flow / vasodilation),Multiple Choice,Apply,Ear Blood Flow vs Temp Graphs,ear_blood_flow.png
Species Concepts,Evolutionary Biology - Part 1,"What does the biological species concept use as the primary criterion for determining species boundaries? (A. geographic isolation, B. niche differences, C. gene flow, D. morphological similarity, E. molecular similarity)",C (gene flow / reproductive isolation),Multiple Choice,Remember,,N/A
"In the data at right, 100 groups of 8 flies each with 0.5 frequency for both forked and unforked hair alleles were placed in separate vials. Neither allele has any selective advantage. Each generation (flies have lots of offspring), 4 males and 4 females from each vial were randomly chosen to start the next generation. At the end of the experiment, what can you say about the allele frequencies in the three subsets of vials?",Genetic Drift in Drosophila - Part 1,"If the researchers had made sure that half the flies they chose to start each generation had the forked allele and half lacked the forked allele (unforked), none of the vials would be ""forked only."" (A=true B=false)",A (True),Multiple Choice,Analyze,Allele Fixation Graph,allele_fixation.png
"Describe the following as (A) analogous or (B) homologous traits using the phylogeny at right. ""e"" shows where eyes evolved, and P shows where the P genes evolved.",Comparative Traits - Part 1,Eyes in Annelids and Molluscs.,A (Analogous),Multiple Choice,Analyze,Lophotrochozoa / Ecdysozoa Phylogeny,lophotrochozoa_phylogeny.png
"Describe the following as (A) analogous or (B) homologous traits using the phylogeny at right. ""e"" shows where eyes evolved, and P shows where the P genes evolved.",Comparative Traits - Part 2,"Many beetle species have evolved the ability to subsist almost entirely on dung. Though their common ancestor didn't share this trait. Dung beetles are therefore: (a. Monophyletic, b. Polyphyletic, c. Paraphyletic)",b (Polyphyletic),Multiple Choice,Understand,Lophotrochozoa / Ecdysozoa Phylogeny,lophotrochozoa_phylogeny.png
Bulk Flow Systems,Circulatory Physiology - Part 1,In which of the bulk flow systems below is the pressure of the blood going into the systemic capillaries significantly lower than the pressure of the blood going into the gill or lung capillaries?,A (Gill circulation),Multiple Choice,Analyze,Circulatory Systems Comparison Diagram,circulatory_systems.png
"Two morphologically identical Drosophila populations live on opposite slopes of a valley. The environment is very different even though they are very close. In a laboratory experiment, flies from the north (NFS) were placed in vials with flies from the south (SFS). In the data at right you can see the female choices. On the left of the graph are females from the south and which males they chose. On the right of the graph are northern females. Black lines represent the number of successful pairs.",Speciation Mechanisms - Part 1,"This is a laboratory experiment showing: (A. Adaptive radiation, B. Genetic Drift, C. Mechanical reproductive isolation, D. Sympatric speciation, E. Allopatric speciation)",E (Allopatric speciation),Multiple Choice,Analyze,Drosophila Mate Choice Graph,drosophila_mating.jpg
"In class we looked at the data at right. It represents the relative reproductive success (RRS) of trout in the wild who had either two wild parents (WxW), one wild and one captive bred parent (WxC), or two captive bred parents (CxC). Evaluate each of the following statements.",Salmonid Reproductive Success - Part 1,"This is an example of artificial selection for traits that give a fitness advantage in the wild. (A=true, B=false)",B (False),Multiple Choice,Analyze,Trout RRS Bar Chart,trout_rrs.png
"In class we looked at the data at right. It represents the relative reproductive success (RRS) of trout in the wild who had either two wild parents (WxW), one wild and one captive bred parent (WxC), or two captive bred parents (CxC). Evaluate each of the following statements.",Salmonid Reproductive Success - Part 2,"Gene flow between the two populations is leading to lower fitness for the whole population in the next generation. (A=true, B=false)",A (True),Multiple Choice,Analyze,Trout RRS Bar Chart,trout_rrs.png
In the chart at right three different animals core body temperatures are represented along with the ambient temp. Ambient is a grey line with dashes and dots. Use the chart to answer the next two questions.,Animal Thermoregulation - Part 1,Which is an ectotherm?,C,Multiple Choice,Understand,Core Body vs Ambient Temp Graph,thermoregulation_curves.png
In the chart at right three different animals core body temperatures are represented along with the ambient temp. Ambient is a grey line with dashes and dots. Use the chart to answer the next two questions.,Animal Thermoregulation - Part 2,Which uses homeostatic control of its temperature?,B (or A),Multiple Choice,Understand,Core Body vs Ambient Temp Graph,thermoregulation_curves.png
"In pythons, a 17 base pair region is missing from an enhancer region for the Shh gene. This enhancer is a target for HoxD binding. In mice when this same enhancer region is removed it leads to limb loss.",Evolutionary Developmental Biology - Part 1,"What happens to HoxD when the 17 base pair region is removed? (A. It is expressed at a lower level, B. It cannot bind the SHH protein, C. It cannot bind the SHH enhancer, D. It is expressed at a higher level)",C (It cannot bind the SHH enhancer),Multiple Choice,Understand,Shh Enhancer Interaction Diagram,shh_enhancer.png
"Researchers were studying two species of cattail (a plant species that grows along the water's edge) and comparing cattail growth along a gradient of water depth. Typha angustifolia dominates in shallow water, and Typha latifolia dominates in deep water. Researchers wanted to determine if competition or water depth was limiting the growth of either species. They conducted transplant experiments: they planted each species on its own in both deep and shallow water and compared them to the natural populations.",Ecological Niche Dynamics - Part 1,"The realized niche of which species is closest to its fundamental niche? (A. T. latifolia, B. T. angustifolia)",A (T. latifolia),Multiple Choice,Analyze,Cattail Biomass vs Water Depth Graphs,cattail_niche.png
"The data above and at left are from surveys taken on kelp (a photosynthesizing algae), sea urchin (an animal which eats kelp) and otters (which eat sea urchins). Sea otter populations are shown at right. Use these data to answer the questions below.",Trophic Cascades & Kelp Forests - Part 1,"Sea urchins are a dominant species in habitats with no otters. (A=true, B=false)",A (True),Multiple Choice,Understand,Kelp Density vs Urchin Biomass & Otter Abundance Graphs,kelp_sea_urchin.png
"The data above and at left are from surveys taken on kelp (a photosynthesizing algae), sea urchin (an animal which eats kelp) and otters (which eat sea urchins). Sea otter populations are shown at right. Use these data to answer the questions below.",Trophic Cascades & Kelp Forests - Part 2,"Sea urchins act as keystone species controlling kelp density. (A=true, B=false)",B (False - Otters are the keystone species),Multiple Choice,Analyze,Kelp Density vs Urchin Biomass & Otter Abundance Graphs,kelp_sea_urchin.png
